{
  "28": {
    "2800100": "Amparo de São Francisco",
    "2800209": "Aquidabã",
    "2800308": "Aracaju",
    "2800407": "Arauá",
    "2800506": "Areia Branca",
    "2800605": "Barra dos Coqueiros",
    "2800670": "Boquim",
    "2800704": "Brejo Grande",
    "2801009": "Campo do Brito",
    "2801108": "Canhoba",
    "2801207": "Canindé de São Francisco",
    "2801306": "Capela",
    "2801405": "Carira",
    "2801504": "Carmópolis",
    "2801603": "Cedro de São João",
    "2801702": "Cristinápolis",
    "2801900": "Cumbe",
    "2802007": "Divina Pastora",
    "2802106": "Estância",
    "2802205": "Feira Nova",
    "2802304": "Frei Paulo",
    "2802403": "Gararu",
    "2802502": "General Maynard",
    "2802601": "Gracho Cardoso",
    "2802700": "Ilha das Flores",
    "2802809": "Indiaroba",
    "2802908": "Itabaiana",
    "2803005": "Itabaianinha",
    "2803104": "Itabi",
    "2803203": "Itaporanga d'Ajuda",
    "2803302": "Japaratuba",
    "2803401": "Japoatã",
    "2803500": "Lagarto",
    "2803609": "Laranjeiras",
    "2803708": "Macambira",
    "2803807": "Malhada dos Bois",
    "2803906": "Malhador",
    "2804003": "Maruim",
    "2804102": "Moita Bonita",
    "2804201": "Monte Alegre de Sergipe",
    "2804300": "Muribeca",
    "2804409": "Neópolis",
    "2804458": "Nossa Senhora Aparecida",
    "2804508": "Nossa Senhora da Glória",
    "2804607": "Nossa Senhora das Dores",
    "2804706": "Nossa Senhora de Lourdes",
    "2804805": "Nossa Senhora do Socorro",
    "2804904": "Pacatuba",
    "2805000": "Pedra Mole",
    "2805109": "Pedrinhas",
    "2805208": "Pinhão",
    "2805307": "Pirambu",
    "2805406": "Poço Redondo",
    "2805505": "Poço Verde",
    "2805604": "Porto da Folha",
    "2805703": "Propriá",
    "2805802": "Riachão do Dantas",
    "2805901": "Riachuelo",
    "2806008": "Ribeirópolis",
    "2806107": "Rosário do Catete",
    "2806206": "Salgado",
    "2806305": "Santa Luzia do Itanhy",
    "2806503": "Santa Rosa de Lima",
    "2806404": "Santana do São Francisco",
    "2806602": "Santo Amaro das Brotas",
    "2806701": "São Cristóvão",
    "2806800": "São Domingos",
    "2806909": "São Francisco",
    "2807006": "São Miguel do Aleixo",
    "2807105": "Simão Dias",
    "2807204": "Siriri",
    "2807303": "Telha",
    "2807402": "Tobias Barreto",
    "2807501": "Tomar do Geru",
    "2807600": "Umbaúba"
  }
}